{"eval_loss": 0.07385022193193436, "eval_f1_B-cond": 0.11688311688311688, "eval_f1_I-cond": 0.30618253189401373, "eval_f1_B-des": 0.45147679324894513, "eval_f1_I-des": 0.5459866220735786, "eval_f1_B-subj": 0.07211538461538462, "eval_f1_I-subj": 0.46204620462046203, "eval_f1_B-group_A": 0.43623070674248576, "eval_f1_I-group_A": 0.2793791574279379, "eval_f1_B-group_B": 0.384703196347032, "eval_f1_I-group_B": 0.26865671641791045, "eval_f1_B-group_C": 0.0, "eval_f1_I-group_C": 0.05235602094240837, "eval_f1_B-group_D": 0.0, "eval_f1_I-group_D": 0.0, "eval_runtime": 113.0807, "eval_samples_per_second": 4.926, "eval_steps_per_second": 1.238, "epoch": 7.99}