{"eval_loss": 0.17195309698581696, "eval_f1_B-cond": 0.4725274725274725, "eval_f1_I-cond": 0.4578884934756821, "eval_f1_B-des": 0.4375, "eval_f1_I-des": 0.5546875, "eval_f1_B-subj": 0.2032520325203252, "eval_f1_I-subj": 0.3472222222222222, "eval_f1_B-group_A": 0.2847626977518734, "eval_f1_I-group_A": 0.14814814814814814, "eval_f1_B-group_B": 0.012170385395537525, "eval_f1_I-group_B": 0.12716763005780346, "eval_f1_B-group_C": 0.0, "eval_f1_I-group_C": 0.0, "eval_f1_B-group_D": 0.0, "eval_f1_I-group_D": 0.0, "eval_runtime": 37.0055, "eval_samples_per_second": 4.189, "eval_steps_per_second": 1.054, "epoch": 4.97}